{"cameraMode":{"drawMode":0,"name":"Shaded","section":"Shading Mode"},"sceneLighting":true,"audioPlay":false,"sceneViewState":{"showFog":true,"showMaterialUpdate":false,"showSkybox":true,"showFlares":true,"showImageEffects":true,"showParticleSystems":true,"showVisualEffectGraphs":true,"m_FxEnabled":true},"in2DMode":false,"pivot":{"x":32.599212646484378,"y":58.480072021484378,"z":-129.7117462158203},"rotation":{"x":0.02196393720805645,"y":-0.5819002389907837,"z":0.015697570517659189,"w":0.8128266930580139},"size":8.461276054382325,"orthographic":false}